{
  "artifact_path": "data/processed/ppe_real_embeddings_exp006.npz",
  "communication_cost_bytes": 3955680,
  "data_source": "embedding",
  "embedding_dim": 512,
  "flower_history": {
    "losses_centralized": [
      [
        0,
        0.6864609122276306
      ],
      [
        1,
        0.6535055637359619
      ],
      [
        2,
        0.6590718626976013
      ],
      [
        3,
        0.6910105347633362
      ],
      [
        4,
        0.7302749752998352
      ],
      [
        5,
        0.7713896036148071
      ],
      [
        6,
        0.8149722814559937
      ],
      [
        7,
        0.863555371761322
      ],
      [
        8,
        0.9132894277572632
      ],
      [
        9,
        0.9641083478927612
      ],
      [
        10,
        1.0058257579803467
      ]
    ],
    "losses_distributed": [
      [
        1,
        0.6535056233406067
      ],
      [
        2,
        0.6590718428293864
      ],
      [
        3,
        0.6910105347633362
      ],
      [
        4,
        0.7302749554316202
      ],
      [
        5,
        0.7713896234830221
      ],
      [
        6,
        0.8149723211924235
      ],
      [
        7,
        0.863555391629537
      ],
      [
        8,
        0.9132895072301229
      ],
      [
        9,
        0.964108427365621
      ],
      [
        10,
        1.0058257381121318
      ]
    ],
    "metrics_centralized": {
      "accuracy": [
        [
          0,
          0.574999988079071
        ],
        [
          1,
          0.6499999761581421
        ],
        [
          2,
          0.625
        ],
        [
          3,
          0.5916666388511658
        ],
        [
          4,
          0.5583333373069763
        ],
        [
          5,
          0.574999988079071
        ],
        [
          6,
          0.5916666388511658
        ],
        [
          7,
          0.6000000238418579
        ],
        [
          8,
          0.6083333492279053
        ],
        [
          9,
          0.5916666388511658
        ],
        [
          10,
          0.5916666388511658
        ]
      ],
      "false_negative_rate": [
        [
          0,
          0.44999999999999996
        ],
        [
          1,
          0.31666666666666665
        ],
        [
          2,
          0.4833333333333333
        ],
        [
          3,
          0.4833333333333333
        ],
        [
          4,
          0.4833333333333333
        ],
        [
          5,
          0.4833333333333333
        ],
        [
          6,
          0.41666666666666663
        ],
        [
          7,
          0.4
        ],
        [
          8,
          0.3833333333333333
        ],
        [
          9,
          0.3666666666666667
        ],
        [
          10,
          0.3666666666666667
        ]
      ],
      "macro_f1": [
        [
          0,
          0.5747342088805503
        ],
        [
          1,
          0.649610678531702
        ],
        [
          2,
          0.6205466938373972
        ],
        [
          3,
          0.5893567986591242
        ],
        [
          4,
          0.5575652173913044
        ],
        [
          5,
          0.5735488816110377
        ],
        [
          6,
          0.5916383082158483
        ],
        [
          7,
          0.6
        ],
        [
          8,
          0.6083061323703035
        ],
        [
          9,
          0.5909565217391304
        ],
        [
          10,
          0.5909565217391304
        ]
      ],
      "unsafe_recall": [
        [
          0,
          0.55
        ],
        [
          1,
          0.6833333333333333
        ],
        [
          2,
          0.5166666666666667
        ],
        [
          3,
          0.5166666666666667
        ],
        [
          4,
          0.5166666666666667
        ],
        [
          5,
          0.5166666666666667
        ],
        [
          6,
          0.5833333333333334
        ],
        [
          7,
          0.6
        ],
        [
          8,
          0.6166666666666667
        ],
        [
          9,
          0.6333333333333333
        ],
        [
          10,
          0.6333333333333333
        ]
      ]
    },
    "metrics_distributed": {
      "accuracy": [
        [
          1,
          0.649999996026357
        ],
        [
          2,
          0.625
        ],
        [
          3,
          0.5916666785875956
        ],
        [
          4,
          0.5583333373069763
        ],
        [
          5,
          0.5749999980131785
        ],
        [
          6,
          0.5916666587193807
        ],
        [
          7,
          0.600000003973643
        ],
        [
          8,
          0.6083333293596903
        ],
        [
          9,
          0.5916666587193807
        ],
        [
          10,
          0.5916666587193807
        ]
      ],
      "false_negative_rate": [
        [
          1,
          0.2555555555555556
        ],
        [
          2,
          0.4555555555555556
        ],
        [
          3,
          0.45
        ],
        [
          4,
          0.4555555555555556
        ],
        [
          5,
          0.46111111111111114
        ],
        [
          6,
          0.4055555555555556
        ],
        [
          7,
          0.3944444444444445
        ],
        [
          8,
          0.38333333333333336
        ],
        [
          9,
          0.36666666666666664
        ],
        [
          10,
          0.36666666666666664
        ]
      ],
      "macro_f1": [
        [
          1,
          0.6342948717948718
        ],
        [
          2,
          0.5979700808174189
        ],
        [
          3,
          0.5711074317599475
        ],
        [
          4,
          0.5364233272549702
        ],
        [
          5,
          0.5517948717948717
        ],
        [
          6,
          0.5703436531343509
        ],
        [
          7,
          0.577421364614578
        ],
        [
          8,
          0.5890575953111803
        ],
        [
          9,
          0.5723284637058433
        ],
        [
          10,
          0.5723284637058431
        ]
      ],
      "unsafe_recall": [
        [
          1,
          0.7444444444444444
        ],
        [
          2,
          0.5444444444444444
        ],
        [
          3,
          0.55
        ],
        [
          4,
          0.5444444444444444
        ],
        [
          5,
          0.5388888888888889
        ],
        [
          6,
          0.5944444444444444
        ],
        [
          7,
          0.6055555555555555
        ],
        [
          8,
          0.6166666666666667
        ],
        [
          9,
          0.6333333333333333
        ],
        [
          10,
          0.6333333333333333
        ]
      ]
    }
  },
  "global": {
    "accuracy": 0.5916666388511658,
    "confusion_matrix": [
      [
        33,
        27
      ],
      [
        22,
        38
      ]
    ],
    "false_negative_rate": 0.3666666666666667,
    "loss": 1.0058257579803467,
    "macro_f1": 0.5909565217391304,
    "per_class": {
      "0": {
        "f1": 0.5739130434782609,
        "precision": 0.6,
        "recall": 0.55
      },
      "1": {
        "f1": 0.608,
        "precision": 0.5846153846153846,
        "recall": 0.6333333333333333
      }
    },
    "unsafe_recall": 0.6333333333333333
  },
  "label_mapping": {
    "safe": 0,
    "unsafe": 1
  },
  "mode": "federated",
  "num_classes": 2,
  "num_clients": 3,
  "per_client": [
    {
      "accuracy": 0.5249999761581421,
      "client_id": 0,
      "client_label": "site-a",
      "confusion_matrix": [
        [
          14,
          16
        ],
        [
          3,
          7
        ]
      ],
      "false_negative_rate": 0.30000000000000004,
      "label_histogram": {
        "0": 120,
        "1": 40
      },