{
  "artifact_path": "data/processed/ppe_real_embeddings_exp006.npz",
  "communication_cost_bytes": 0,
  "data_source": "embedding",
  "embedding_dim": 512,
  "global": {
    "accuracy": 0.6833333373069763,
    "confusion_matrix": [
      [
        41,
        19
      ],
      [
        19,
        41
      ]
    ],
    "false_negative_rate": 0.48333333333333334,
    "loss": 0.5967413385709127,
    "macro_f1": 0.6833333333333333,
    "per_class": {
      "0": {
        "f1": 0.6833333333333333,
        "precision": 0.6833333333333333,
        "recall": 0.6833333333333333
      },
      "1": {
        "f1": 0.6833333333333333,
        "precision": 0.6833333333333333,
        "recall": 0.6833333333333333
      }
    },
    "unsafe_recall": 0.5166666666666667
  },
  "label_mapping": {
    "safe": 0,
    "unsafe": 1
  },
  "mode": "local-only",
  "num_classes": 2,
  "num_clients": 3,
  "per_client": [
    {
      "accuracy": 0.75,
      "client_id": 0,
      "client_label": "site-a",
      "confusion_matrix": [
        [
          30,
          0
        ],
        [
          10,
          0
        ]
      ],
      "false_negative_rate": 1.0,
      "label_histogram": {
        "0": 120,
        "1": 40
      },
      "loss": 0.5310359001159668,
      "macro_f1": 0.42857142857142855,
      "num_examples": 40,
      "per_class": {
        "0": {
          "f1": 0.8571428571428571,
          "precision": 0.75,
          "recall": 1.0
        },
        "1": {
          "f1": 0.0,
          "precision": 0.0,
          "recall": 0.0
        }
      },
      "unsafe_recall": 0.0
    },
    {
      "accuracy": 0.75,
      "client_id": 1,
      "client_label": "site-b",
      "confusion_matrix": [
        [
          0,
          10
        ],
        [
          0,
          30
        ]
      ],
      "false_negative_rate": 0.0,
      "label_histogram": {
        "0": 40,
        "1": 120
      },
      "loss": 0.5717201232910156,
      "macro_f1": 0.42857142857142855,
      "num_examples": 40,
      "per_class": {
        "0": {
          "f1": 0.0,
          "precision": 0.0,
          "recall": 0.0
        },
        "1": {
          "f1": 0.8571428571428571,
          "precision": 0.75,
          "recall": 1.0
        }
      },
      "unsafe_recall": 1.0
    },
    {
      "accuracy": 0.550000011920929,
      "client_id": 2,
      "client_label": "site-c",
      "confusion_matrix": [
        [
          11,
          9
        ],
        [
          9,
          11
        ]
      ],
      "false_negative_rate": 0.44999999999999996,
      "label_histogram": {
        "0": 80,
        "1": 80
      },
      "loss": 0.6874679923057556,
      "macro_f1": 0.55,
      "num_examples": 40,
      "per_class": {
        "0": {
          "f1": 0.55,
          "precision": 0.55,
          "recall": 0.55
        },
        "1": {
          "f1": 0.55,
          "precision": 0.55,
          "recall": 0.55
        }
      },
      "unsafe_recall": 0.55
    }
  ],
  "profile": "oom-safe",
  "resource_snapshot": {
    "available": true,
    "max_rss_bytes": 366477312,
    "max_rss_mb": 349.5,
    "pid": 5073,
    "platform": "macOS-26.5.1-arm64-arm-64bit",
    "source": "resource.getrusage(RUSAGE_SELF)",
    "timestamp_unix": 1782369882.62496
  },
  "training_time_sec": 0.0777532079955563,
  "update_size_bytes": 65928
}