{
  "artifact_path": "data/processed/ppe_real_embeddings_oom_safe.npz",
  "communication_cost_bytes": 73872,
  "data_source": "embedding",
  "embedding_dim": 512,
  "flower_history": {
    "losses_centralized": [
      [
        0,
        0.8246583938598633
      ],
      [
        1,
        0.7058421969413757
      ],
      [
        2,
        0.6712243556976318
      ],
      [
        3,
        0.6726381182670593
      ]
    ],
    "losses_distributed": [
      [
        1,
        0.7058421770731608
      ],
      [
        2,
        0.6712242762247721
      ],
      [
        3,
        0.6726381778717041
      ]
    ],
    "metrics_centralized": {
      "accuracy": [
        [
          0,
          0.5
        ],
        [
          1,
          0.6333333253860474
        ],
        [
          2,
          0.6833333373069763
        ],
        [
          3,
          0.699999988079071
        ]
      ],
      "false_negative_rate": [
        [
          0,
          0.8666666666666667
        ],
        [
          1,
          0.06666666666666665
        ],
        [
          2,
          0.19999999999999996
        ],
        [
          3,
          0.2666666666666667
        ]
      ],
      "macro_f1": [
        [
          0,
          0.42233632862644416
        ],
        [
          1,
          0.5970695970695972
        ],
        [
          2,
          0.6789636722050126
        ],
        [
          3,
          0.6996662958843158
        ]
      ],
      "unsafe_recall": [
        [
          0,
          0.13333333333333333
        ],
        [
          1,
          0.9333333333333333
        ],
        [
          2,
          0.8
        ],
        [
          3,
          0.7333333333333333
        ]
      ]
    },
    "metrics_distributed": {
      "accuracy": [
        [
          1,
          0.6333333452542623
        ],
        [
          2,
          0.6833333373069763
        ],
        [
          3,
          0.700000007947286
        ]
      ],
      "false_negative_rate": [
        [
          1,
          0.055555555555555546
        ],
        [
          2,
          0.2222222222222222
        ],
        [
          3,
          0.31111111111111106
        ]
      ],
      "macro_f1": [
        [
          1,
          0.5745172225435383
        ],
        [
          2,
          0.6662907268170426
        ],
        [
          3,
          0.6678805163378665
        ]
      ],
      "unsafe_recall": [
        [
          1,
          0.9444444444444445
        ],
        [
          2,
          0.7777777777777779
        ],
        [
          3,
          0.6888888888888889
        ]
      ]
    }
  },
  "global": {
    "accuracy": 0.699999988079071,
    "confusion_matrix": [
      [
        20,
        10
      ],
      [
        8,
        22
      ]
    ],
    "false_negative_rate": 0.2666666666666667,
    "loss": 0.6726381182670593,
    "macro_f1": 0.6996662958843158,
    "per_class": {
      "0": {
        "f1": 0.689655172413793,
        "precision": 0.7142857142857143,
        "recall": 0.6666666666666666
      },
      "1": {
        "f1": 0.7096774193548386,
        "precision": 0.6875,
        "recall": 0.7333333333333333
      }
    },
    "unsafe_recall": 0.7333333333333333
  },
  "label_mapping": {
    "safe": 0,
    "unsafe": 1
  },
  "mode": "federated",
  "num_classes": 2,
  "num_clients": 3,
  "per_client": [
    {
      "accuracy": 0.699999988079071,
      "client_id": 0,
      "client_label": "site-a",
      "confusion_matrix": [
        [
          11,
          4
        ],
        [
          2,
          3
        ]
      ],
      "false_negative_rate": 0.4,
      "label_histogram": {
        "0": 60,
        "1": 20
      },
      "loss": 0.6870859861373901,
      "macro_f1": 0.6428571428571428,
      "num_examples": 20,
      "per_class": {
        "0": {
          "f1": 0.7857142857142856,
          "precision": 0.8461538461538461,
          "recall": 0.7333333333333333
        },
        "1": {
          "f1": 0.5,
          "precision": 0.42857142857142855,
          "recall": 0.6
        }
      },
      "unsafe_recall": 0.6
    },
    {
      "accuracy": 0.8500000238418579,
      "client_id": 1,
      "client_label": "site-b",
      "confusion_matrix": [
        [
          4,
          1
        ],
        [
          2,
          13
        ]
      ],
      "false_negative_rate": 0.1333333333333333,
      "label_histogram": {
        "0": 20,
        "1": 60
      },
      "loss": 0.5583847761154175,
      "macro_f1": 0.8119122257053291,
      "num_examples": 20,
      "per_class": {
        "0": {
          "f1": 0.7272727272727272,
          "precision": 0.6666666666666666,
          "recall": 0.8
        },
        "1": {
          "f1": 0.896551724137931,
          "precision": 0.9285714285714286,
          "recall": 0.8666666666666667
        }
      },
      "unsafe_recall": 0.8666666666666667
    },
    {
      "accuracy": 0.550000011920929,
      "client_id": 2,
      "client_label": "site-c",
      "confusion_matrix": [
        [
          5,
          5
        ],
        [
          4,
          6
        ]
      ],
      "false_negative_rate": 0.4,
      "label_histogram": {
        "0": 40,
        "1": 40
      },
      "loss": 0.7724437713623047,
      "macro_f1": 0.5488721804511277,
      "num_examples": 20,
      "per_class": {
        "0": {
          "f1": 0.5263157894736842,
          "precision": 0.5555555555555556,
          "recall": 0.5
        },
        "1": {
          "f1": 0.5714285714285713,
          "precision": 0.5454545454545454,
          "recall": 0.6
        }
      },
      "unsafe_recall": 0.6
    }
  ],
  "profile": "oom-safe",
  "resource_snapshot": {
    "available": true,
    "max_rss_bytes": 371949568,
    "max_rss_mb": 354.72,
    "pid": 92532,
    "platform": "macOS-26.5.1-arm64-arm-64bit",
    "source": "resource.getrusage(RUSAGE_SELF)",
    "timestamp_unix": 1782117418.8534908
  },
  "rounds": 3,
  "training_time_sec": 3.8352081250050105,
  "update_size_bytes": 4104
}