{
  "artifact_path": "data/processed/ppe_real_embeddings_exp006.npz",
  "communication_cost_bytes": 0,
  "data_source": "embedding",
  "embedding_dim": 512,
  "global": {
    "accuracy": 0.5583333373069763,
    "confusion_matrix": [
      [
        51,
        9
      ],
      [
        44,
        16
      ]
    ],
    "false_negative_rate": 0.7333333333333334,
    "loss": 1.0148745775222778,
    "macro_f1": 0.5172675521821631,
    "per_class": {
      "0": {
        "f1": 0.6580645161290322,
        "precision": 0.5368421052631579,
        "recall": 0.85
      },
      "1": {
        "f1": 0.37647058823529406,
        "precision": 0.64,
        "recall": 0.26666666666666666
      }
    },
    "unsafe_recall": 0.26666666666666666
  },
  "label_mapping": {
    "safe": 0,
    "unsafe": 1
  },
  "mode": "centralized",
  "num_classes": 2,
  "num_clients": 3,
  "per_client": [
    {
      "accuracy": 0.800000011920929,
      "client_id": 0,
      "client_label": "site-a",
      "confusion_matrix": [
        [
          26,
          4
        ],
        [
          4,
          6
        ]
      ],
      "false_negative_rate": 0.4,
      "label_histogram": {
        "0": 120,
        "1": 40
      },
      "loss": 0.6669586300849915,
      "macro_f1": 0.7333333333333334,
      "num_examples": 40,
      "per_class": {
        "0": {
          "f1": 0.8666666666666667,
          "precision": 0.8666666666666667,
          "recall": 0.8666666666666667
        },
        "1": {
          "f1": 0.6,
          "precision": 0.6,
          "recall": 0.6
        }
      },
      "unsafe_recall": 0.6
    },
    {
      "accuracy": 0.32499998807907104,
      "client_id": 1,
      "client_label": "site-b",
      "confusion_matrix": [
        [
          9,
          1
        ],
        [
          26,
          4
        ]
      ],
      "false_negative_rate": 0.8666666666666667,
      "label_histogram": {
        "0": 40,
        "1": 120
      },
      "loss": 1.3286097049713135,
      "macro_f1": 0.3142857142857143,
      "num_examples": 40,
      "per_class": {
        "0": {
          "f1": 0.39999999999999997,
          "precision": 0.2571428571428571,
          "recall": 0.9
        },
        "1": {
          "f1": 0.2285714285714286,
          "precision": 0.8,
          "recall": 0.13333333333333333
        }
      },
      "unsafe_recall": 0.13333333333333333
    },
    {
      "accuracy": 0.550000011920929,
      "client_id": 2,
      "client_label": "site-c",
      "confusion_matrix": [
        [
          16,
          4
        ],
        [
          14,
          6
        ]
      ],
      "false_negative_rate": 0.7,
      "label_histogram": {
        "0": 80,
        "1": 80
      },
      "loss": 1.0490554571151733,
      "macro_f1": 0.52,
      "num_examples": 40,
      "per_class": {
        "0": {
          "f1": 0.64,
          "precision": 0.5333333333333333,
          "recall": 0.8
        },
        "1": {
          "f1": 0.4,
          "precision": 0.6,
          "recall": 0.3
        }
      },
      "unsafe_recall": 0.3
    }
  ],
  "profile": "oom-safe",
  "resource_snapshot": {
    "available": true,
    "max_rss_bytes": 364298240,
    "max_rss_mb": 347.42,
    "pid": 87283,
    "platform": "macOS-26.5.1-arm64-arm-64bit",
    "source": "resource.getrusage(RUSAGE_SELF)",
    "timestamp_unix": 1782352059.623271
  },
  "training_time_sec": 0.7414835420204327,
  "update_size_bytes": 4104
}