{
  "artifact_path": "data/processed/ppe_real_embeddings_exp006.npz",
  "communication_cost_bytes": 73872,
  "data_source": "embedding",
  "embedding_dim": 512,
  "flower_history": {
    "losses_centralized": [
      [
        0,
        0.8387634754180908
      ],
      [
        1,
        0.7467495203018188
      ],
      [
        2,
        0.7914820313453674
      ],
      [
        3,
        0.8214518427848816
      ]
    ],
    "losses_distributed": [
      [
        1,
        0.7467494606971741
      ],
      [
        2,
        0.7914819916089376
      ],
      [
        3,
        0.821451743443807
      ]
    ],
    "metrics_centralized": {
      "accuracy": [
        [
          0,
          0.49166667461395264
        ],
        [
          1,
          0.6000000238418579
        ],
        [
          2,
          0.6083333492279053
        ],
        [
          3,
          0.5916666388511658
        ]
      ],
      "false_negative_rate": [
        [
          0,
          0.8666666666666667
        ],
        [
          1,
          0.21666666666666667
        ],
        [
          2,
          0.19999999999999996
        ],
        [
          3,
          0.25
        ]
      ],
      "macro_f1": [
        [
          0,
          0.416779539478926
        ],
        [
          1,
          0.5860879563092842
        ],
        [
          2,
          0.5933962944272222
        ],
        [
          3,
          0.5811667497685021
        ]
      ],
      "unsafe_recall": [
        [
          0,
          0.13333333333333333
        ],
        [
          1,
          0.7833333333333333
        ],
        [
          2,
          0.8
        ],
        [
          3,
          0.75
        ]
      ]
    },
    "metrics_distributed": {
      "accuracy": [
        [
          1,
          0.5999999841054281
        ],
        [
          2,
          0.6083333293596903
        ],
        [
          3,
          0.5916666587193807
        ]
      ],
      "false_negative_rate": [
        [
          1,
          0.22777777777777777
        ],
        [
          2,
          0.21666666666666667
        ],
        [
          3,
          0.27222222222222225
        ]
      ],
      "macro_f1": [
        [
          1,
          0.567265738447792
        ],
        [
          2,
          0.5730710049330625
        ],
        [
          3,
          0.549272083790102
        ]
      ],
      "unsafe_recall": [
        [
          1,
          0.7722222222222223
        ],
        [
          2,
          0.7833333333333333
        ],
        [
          3,
          0.7277777777777779
        ]
      ]
    }
  },
  "global": {
    "accuracy": 0.5916666388511658,
    "confusion_matrix": [
      [
        26,
        34
      ],
      [
        15,
        45
      ]
    ],
    "false_negative_rate": 0.25,
    "loss": 0.8214518427848816,
    "macro_f1": 0.5811667497685021,
    "per_class": {
      "0": {
        "f1": 0.514851485148515,
        "precision": 0.6341463414634146,
        "recall": 0.43333333333333335
      },
      "1": {
        "f1": 0.6474820143884893,
        "precision": 0.569620253164557,
        "recall": 0.75
      }
    },
    "unsafe_recall": 0.75
  },
  "label_mapping": {
    "safe": 0,
    "unsafe": 1
  },
  "mode": "federated",
  "num_classes": 2,
  "num_clients": 3,
  "per_client": [
    {
      "accuracy": 0.5249999761581421,
      "client_id": 0,
      "client_label": "site-a",
      "confusion_matrix": [
        [
          14,
          16
        ],
        [
          3,
          7
        ]
      ],
      "false_negative_rate": 0.30000000000000004,
      "label_histogram": {
        "0": 120,
        "1": 40
      },
      "loss": 0.9325283169746399,
      "macro_f1": 0.5099935525467441,
      "num_examples": 40,
      "per_class": {
        "0": {
          "f1": 0.5957446808510638,
          "precision": 0.8235294117647058,
          "recall": 0.4666666666666667
        },
        "1": {
          "f1": 0.42424242424242425,
          "precision": 0.30434782608695654,
          "recall": 0.7
        }
      },
      "unsafe_recall": 0.7
    },
    {
      "accuracy": 0.7250000238418579,
      "client_id": 1,
      "client_label": "site-b",
      "confusion_matrix": [
        [
          4,
          6
        ],
        [
          5,
          25
        ]
      ],
      "false_negative_rate": 0.16666666666666663,
      "label_histogram": {
        "0": 40,
        "1": 120
      },
      "loss": 0.5918623208999634,
      "macro_f1": 0.6203623813632442,
      "num_examples": 40,
      "per_class": {
        "0": {
          "f1": 0.4210526315789474,
          "precision": 0.4444444444444444,
          "recall": 0.4
        },
        "1": {
          "f1": 0.819672131147541,
          "precision": 0.8064516129032258,
          "recall": 0.8333333333333334
        }
      },
      "unsafe_recall": 0.8333333333333334
    },
    {
      "accuracy": 0.5249999761581421,
      "client_id": 2,
      "client_label": "site-c",
      "confusion_matrix": [
        [
          8,
          12
        ],
        [
          7,
          13
        ]
      ],
      "false_negative_rate": 0.35,
      "label_histogram": {
        "0": 80,
        "1": 80
      },
      "loss": 0.9399645924568176,
      "macro_f1": 0.5174603174603175,
      "num_examples": 40,
      "per_class": {
        "0": {
          "f1": 0.4571428571428572,
          "precision": 0.5333333333333333,
          "recall": 0.4
        },
        "1": {
          "f1": 0.5777777777777778,
          "precision": 0.52,
          "recall": 0.65
        }
      },
      "unsafe_recall": 0.65
    }
  ],
  "profile": "oom-safe",
  "resource_snapshot": {
    "available": true,
    "max_rss_bytes": 426164224,
    "max_rss_mb": 406.42,
    "pid": 87283,
    "platform": "macOS-26.5.1-arm64-arm-64bit",
    "source": "resource.getrusage(RUSAGE_SELF)",
    "timestamp_unix": 1782352063.2876558
  },
  "rounds": 3,
  "training_time_sec": 3.6125307920156047,
  "update_size_bytes": 4104
}