{
  "artifact_path": "data/processed/ppe_real_embeddings_exp006.npz",
  "communication_cost_bytes": 0,
  "data_source": "embedding",
  "embedding_dim": 512,
  "global": {
    "accuracy": 0.6333333253860474,
    "confusion_matrix": [
      [
        33,
        27
      ],
      [
        17,
        43
      ]
    ],
    "false_negative_rate": 0.2833333333333333,
    "loss": 0.841565728187561,
    "macro_f1": 0.6307692307692307,
    "per_class": {
      "0": {
        "f1": 0.6000000000000001,
        "precision": 0.66,
        "recall": 0.55
      },
      "1": {
        "f1": 0.6615384615384615,
        "precision": 0.6142857142857143,
        "recall": 0.7166666666666667
      }
    },
    "unsafe_recall": 0.7166666666666667
  },
  "label_mapping": {
    "safe": 0,
    "unsafe": 1
  },
  "mode": "centralized",
  "num_classes": 2,
  "num_clients": 3,
  "per_client": [
    {
      "accuracy": 0.574999988079071,
      "client_id": 0,
      "client_label": "site-a",
      "confusion_matrix": [
        [
          16,
          14
        ],
        [
          3,
          7
        ]
      ],
      "false_negative_rate": 0.30000000000000004,
      "label_histogram": {
        "0": 120,
        "1": 40
      },
      "loss": 0.9797560572624207,
      "macro_f1": 0.5523370638578012,
      "num_examples": 40,
      "per_class": {
        "0": {
          "f1": 0.653061224489796,
          "precision": 0.8421052631578947,
          "recall": 0.5333333333333333
        },
        "1": {
          "f1": 0.45161290322580644,
          "precision": 0.3333333333333333,
          "recall": 0.7
        }
      },
      "unsafe_recall": 0.7
    },
    {
      "accuracy": 0.699999988079071,
      "client_id": 1,
      "client_label": "site-b",
      "confusion_matrix": [
        [
          5,
          5
        ],
        [
          7,
          23
        ]
      ],
      "false_negative_rate": 0.23333333333333328,
      "label_histogram": {
        "0": 40,
        "1": 120
      },
      "loss": 0.6845967769622803,
      "macro_f1": 0.6238244514106582,
      "num_examples": 40,
      "per_class": {
        "0": {
          "f1": 0.45454545454545453,
          "precision": 0.4166666666666667,
          "recall": 0.5
        },
        "1": {
          "f1": 0.793103448275862,
          "precision": 0.8214285714285714,
          "recall": 0.7666666666666667
        }
      },
      "unsafe_recall": 0.7666666666666667
    },
    {
      "accuracy": 0.625,
      "client_id": 2,
      "client_label": "site-c",
      "confusion_matrix": [
        [
          12,
          8
        ],
        [
          7,
          13
        ]
      ],
      "false_negative_rate": 0.35,
      "label_histogram": {
        "0": 80,
        "1": 80
      },
      "loss": 0.8603441119194031,
      "macro_f1": 0.6247654784240151,
      "num_examples": 40,
      "per_class": {
        "0": {
          "f1": 0.6153846153846154,
          "precision": 0.631578947368421,
          "recall": 0.6
        },
        "1": {
          "f1": 0.6341463414634146,
          "precision": 0.6190476190476191,
          "recall": 0.65
        }
      },
      "unsafe_recall": 0.65
    }
  ],
  "profile": "oom-safe",
  "resource_snapshot": {
    "available": true,
    "max_rss_bytes": 366575616,
    "max_rss_mb": 349.59,
    "pid": 5232,
    "platform": "macOS-26.5.1-arm64-arm-64bit",
    "source": "resource.getrusage(RUSAGE_SELF)",
    "timestamp_unix": 1782369898.525269
  },
  "training_time_sec": 0.7509275000775233,
  "update_size_bytes": 131848
}