{
  "artifact_path": "data/processed/ppe_real_embeddings_exp006.npz",
  "communication_cost_bytes": 7910880,
  "data_source": "embedding",
  "embedding_dim": 512,
  "flower_history": {
    "losses_centralized": [
      [
        0,
        0.7035627961158752
      ],
      [
        1,
        0.6562318205833435
      ],
      [
        2,
        0.6616963148117065
      ],
      [
        3,
        0.6921902894973755
      ],
      [
        4,
        0.7320347428321838
      ],
      [
        5,
        0.7663578391075134
      ],
      [
        6,
        0.8092832565307617
      ],
      [
        7,
        0.8450856804847717
      ],
      [
        8,
        0.8826094269752502
      ],
      [
        9,
        0.9259363412857056
      ],
      [
        10,
        0.9620632529258728
      ]
    ],
    "losses_distributed": [
      [
        1,
        0.6562318205833435
      ],
      [
        2,
        0.6616962552070618
      ],
      [
        3,
        0.6921902696291605
      ],
      [
        4,
        0.7320346832275391
      ],
      [
        5,
        0.7663578589757284
      ],
      [
        6,
        0.8092832565307617
      ],
      [
        7,
        0.8450857599576315
      ],
      [
        8,
        0.8826093475023905
      ],
      [
        9,
        0.9259362816810608
      ],
      [
        10,
        0.9620633125305176
      ]
    ],
    "metrics_centralized": {
      "accuracy": [
        [
          0,
          0.5
        ],
        [
          1,
          0.5916666388511658
        ],
        [
          2,
          0.6416666507720947
        ],
        [
          3,
          0.6416666507720947
        ],
        [
          4,
          0.6333333253860474
        ],
        [
          5,
          0.6166666746139526
        ],
        [
          6,
          0.6166666746139526
        ],
        [
          7,
          0.6166666746139526
        ],
        [
          8,
          0.625
        ],
        [
          9,
          0.6416666507720947
        ],
        [
          10,
          0.6333333253860474
        ]
      ],
      "false_negative_rate": [
        [
          0,
          0.050000000000000044
        ],
        [
          1,
          0.65
        ],
        [
          2,
          0.5333333333333333
        ],
        [
          3,
          0.5
        ],
        [
          4,
          0.4666666666666667
        ],
        [
          5,
          0.44999999999999996
        ],
        [
          6,
          0.43333333333333335
        ],
        [
          7,
          0.43333333333333335
        ],
        [
          8,
          0.41666666666666663
        ],
        [
          9,
          0.4
        ],
        [
          10,
          0.4
        ]
      ],
      "macro_f1": [
        [
          0,
          0.3730407523510972
        ],
        [
          1,
          0.5663397005678884
        ],
        [
          2,
          0.6303460133247367
        ],
        [
          3,
          0.634327829352987
        ],
        [
          4,
          0.6296296296296295
        ],
        [
          5,
          0.6149553571428572
        ],
        [
          6,
          0.6157059314954052
        ],
        [
          7,
          0.6157059314954052
        ],
        [
          8,
          0.6243478260869566
        ],
        [
          9,
          0.6410434782608696
        ],
        [
          10,
          0.6329254727474972
        ]
      ],
      "unsafe_recall": [
        [
          0,
          0.95
        ],
        [
          1,
          0.35
        ],
        [
          2,
          0.4666666666666667
        ],
        [
          3,
          0.5
        ],
        [
          4,
          0.5333333333333333
        ],
        [
          5,
          0.55
        ],
        [
          6,
          0.5666666666666667
        ],
        [
          7,
          0.5666666666666667
        ],
        [
          8,
          0.5833333333333334
        ],
        [
          9,
          0.6
        ],
        [
          10,
          0.6
        ]
      ]
    },
    "metrics_distributed": {
      "accuracy": [
        [
          1,
          0.5916666686534882
        ],
        [
          2,
          0.6416666507720947
        ],
        [
          3,
          0.6416666507720947
        ],
        [
          4,
          0.6333333253860474
        ],
        [
          5,
          0.6166666746139526
        ],
        [
          6,
          0.6166666547457377
        ],
        [
          7,
          0.6166666547457377
        ],
        [
          8,
          0.624999980131785
        ],
        [
          9,
          0.6416666507720947
        ],
        [
          10,
          0.6333333253860474
        ]
      ],
      "false_negative_rate": [
        [
          1,
          0.638888888888889
        ],
        [
          2,
          0.49444444444444446
        ],
        [
          3,
          0.4777777777777778
        ],
        [
          4,
          0.45
        ],
        [
          5,
          0.43333333333333335
        ],
        [
          6,
          0.4166666666666667
        ],
        [
          7,
          0.4166666666666667
        ],
        [
          8,
          0.4055555555555556
        ],
        [
          9,
          0.3944444444444445
        ],
        [
          10,
          0.3944444444444445
        ]
      ],
      "macro_f1": [
        [
          1,
          0.5491237050048887
        ],
        [
          2,
          0.6153304965925578
        ],
        [
          3,
          0.6124894850413284
        ],
        [
          4,
          0.6053454415954416
        ],
        [
          5,
          0.5901933934582427
        ],
        [
          6,
          0.5926530234846664
        ],
        [
          7,
          0.5926530234846664
        ],
        [
          8,
          0.5996743996743997
        ],
        [
          9,
          0.617989417989418
        ],
        [
          10,
          0.6109680417996847
        ]
      ],
      "unsafe_recall": [
        [
          1,
          0.36111111111111105
        ],
        [
          2,
          0.5055555555555556
        ],
        [
          3,
          0.5222222222222223
        ],
        [
          4,
          0.55
        ],
        [
          5,
          0.5666666666666667
        ],
        [
          6,
          0.5833333333333334
        ],
        [
          7,
          0.5833333333333334
        ],
        [
          8,
          0.5944444444444444
        ],
        [
          9,
          0.6055555555555555
        ],
        [
          10,
          0.6055555555555555
        ]
      ]
    }
  },
  "global": {
    "accuracy": 0.6333333253860474,
    "confusion_matrix": [
      [
        40,
        20
      ],
      [
        24,
        36
      ]
    ],
    "false_negative_rate": 0.4,
    "loss": 0.9620632529258728,
    "macro_f1": 0.6329254727474972,
    "per_class": {
      "0": {
        "f1": 0.6451612903225806,
        "precision": 0.625,
        "recall": 0.6666666666666666
      },
      "1": {
        "f1": 0.6206896551724138,
        "precision": 0.6428571428571429,
        "recall": 0.6
      }
    },
    "unsafe_recall": 0.6
  },
  "label_mapping": {
    "safe": 0,
    "unsafe": 1
  },
  "mode": "federated",
  "num_classes": 2,
  "num_clients": 3,
  "per_client": [
    {
      "accuracy": 0.625,
      "client_id": 0,
      "client_label": "site-a",
      "confusion_matrix": [
        [
          18,
          12
        ],
        [
          3,
          7
        ]
      ],
      "false_negative_rate": 0.30000000000000004,
      "label_histogram": {
        "0": 120,
        "1": 40
      },
      "loss": 0.9648891687393188,
      "macro_f1": 0.5943204868154157,
      "num_examples": 40,