{
  "artifact_path": "data/processed/ppe_real_embeddings_exp006.npz",
  "communication_cost_bytes": 0,
  "data_source": "embedding",
  "embedding_dim": 512,
  "global": {
    "accuracy": 0.6666666666666666,
    "confusion_matrix": [
      [
        45,
        15
      ],
      [
        25,
        35
      ]
    ],
    "false_negative_rate": 0.5666666666666667,
    "loss": 0.6005528767903646,
    "macro_f1": 0.6643356643356644,
    "per_class": {
      "0": {
        "f1": 0.6923076923076924,
        "precision": 0.6428571428571429,
        "recall": 0.75
      },
      "1": {
        "f1": 0.6363636363636365,
        "precision": 0.7,
        "recall": 0.5833333333333334
      }
    },
    "unsafe_recall": 0.43333333333333335
  },
  "label_mapping": {
    "safe": 0,
    "unsafe": 1
  },
  "mode": "local-only",
  "num_classes": 2,
  "num_clients": 3,
  "per_client": [
    {
      "accuracy": 0.75,
      "client_id": 0,
      "client_label": "site-a",
      "confusion_matrix": [
        [
          30,
          0
        ],
        [
          10,
          0
        ]
      ],
      "false_negative_rate": 1.0,
      "label_histogram": {
        "0": 120,
        "1": 40
      },
      "loss": 0.5261722803115845,
      "macro_f1": 0.42857142857142855,
      "num_examples": 40,
      "per_class": {
        "0": {
          "f1": 0.8571428571428571,
          "precision": 0.75,
          "recall": 1.0
        },
        "1": {
          "f1": 0.0,
          "precision": 0.0,
          "recall": 0.0
        }
      },
      "unsafe_recall": 0.0
    },
    {
      "accuracy": 0.7250000238418579,
      "client_id": 1,
      "client_label": "site-b",
      "confusion_matrix": [
        [
          2,
          8
        ],
        [
          3,
          27
        ]
      ],
      "false_negative_rate": 0.09999999999999998,
      "label_histogram": {
        "0": 40,
        "1": 120
      },
      "loss": 0.5727790594100952,
      "macro_f1": 0.5487179487179487,
      "num_examples": 40,
      "per_class": {
        "0": {
          "f1": 0.26666666666666666,
          "precision": 0.4,
          "recall": 0.2
        },
        "1": {
          "f1": 0.8307692307692307,
          "precision": 0.7714285714285715,
          "recall": 0.9
        }
      },
      "unsafe_recall": 0.9
    },
    {
      "accuracy": 0.5249999761581421,
      "client_id": 2,
      "client_label": "site-c",
      "confusion_matrix": [
        [
          13,
          7
        ],
        [
          12,
          8
        ]
      ],
      "false_negative_rate": 0.6,
      "label_histogram": {
        "0": 80,
        "1": 80
      },
      "loss": 0.7027072906494141,
      "macro_f1": 0.5174603174603175,
      "num_examples": 40,
      "per_class": {
        "0": {
          "f1": 0.5777777777777778,
          "precision": 0.52,
          "recall": 0.65
        },
        "1": {
          "f1": 0.4571428571428572,
          "precision": 0.5333333333333333,
          "recall": 0.4
        }
      },
      "unsafe_recall": 0.4
    }
  ],
  "profile": "oom-safe",
  "resource_snapshot": {
    "available": true,
    "max_rss_bytes": 366575616,
    "max_rss_mb": 349.59,
    "pid": 5232,
    "platform": "macOS-26.5.1-arm64-arm-64bit",
    "source": "resource.getrusage(RUSAGE_SELF)",
    "timestamp_unix": 1782369898.609045
  },
  "training_time_sec": 0.08089654101058841,
  "update_size_bytes": 131848
}