{
  "artifact_path": "data/processed/ppe_real_embeddings_exp006.npz",
  "communication_cost_bytes": 0,
  "data_source": "embedding",
  "embedding_dim": 512,
  "global": {
    "accuracy": 0.6166666746139526,
    "confusion_matrix": [
      [
        33,
        27
      ],
      [
        19,
        41
      ]
    ],
    "false_negative_rate": 0.31666666666666665,
    "loss": 0.8927174210548401,
    "macro_f1": 0.6149553571428572,
    "per_class": {
      "0": {
        "f1": 0.5892857142857143,
        "precision": 0.6346153846153846,
        "recall": 0.55
      },
      "1": {
        "f1": 0.640625,
        "precision": 0.6029411764705882,
        "recall": 0.6833333333333333
      }
    },
    "unsafe_recall": 0.6833333333333333
  },
  "label_mapping": {
    "safe": 0,
    "unsafe": 1
  },
  "mode": "centralized",
  "num_classes": 2,
  "num_clients": 3,
  "per_client": [
    {
      "accuracy": 0.574999988079071,
      "client_id": 0,
      "client_label": "site-a",
      "confusion_matrix": [
        [
          16,
          14
        ],
        [
          3,
          7
        ]
      ],
      "false_negative_rate": 0.30000000000000004,
      "label_histogram": {
        "0": 120,
        "1": 40
      },
      "loss": 0.9860744476318359,
      "macro_f1": 0.5523370638578012,
      "num_examples": 40,
      "per_class": {
        "0": {
          "f1": 0.653061224489796,
          "precision": 0.8421052631578947,
          "recall": 0.5333333333333333
        },
        "1": {
          "f1": 0.45161290322580644,
          "precision": 0.3333333333333333,
          "recall": 0.7
        }
      },
      "unsafe_recall": 0.7
    },
    {
      "accuracy": 0.7250000238418579,
      "client_id": 1,
      "client_label": "site-b",
      "confusion_matrix": [
        [
          7,
          3
        ],
        [
          8,
          22
        ]
      ],
      "false_negative_rate": 0.2666666666666667,
      "label_histogram": {
        "0": 40,
        "1": 120
      },
      "loss": 0.7297245860099792,
      "macro_f1": 0.68,
      "num_examples": 40,
      "per_class": {
        "0": {
          "f1": 0.56,
          "precision": 0.4666666666666667,
          "recall": 0.7
        },
        "1": {
          "f1": 0.8,
          "precision": 0.88,
          "recall": 0.7333333333333333
        }
      },
      "unsafe_recall": 0.7333333333333333
    },
    {
      "accuracy": 0.550000011920929,
      "client_id": 2,
      "client_label": "site-c",
      "confusion_matrix": [
        [
          10,
          10
        ],
        [
          8,
          12
        ]
      ],
      "false_negative_rate": 0.4,
      "label_histogram": {
        "0": 80,
        "1": 80
      },
      "loss": 0.9623533487319946,
      "macro_f1": 0.5488721804511277,
      "num_examples": 40,
      "per_class": {
        "0": {
          "f1": 0.5263157894736842,
          "precision": 0.5555555555555556,
          "recall": 0.5
        },
        "1": {
          "f1": 0.5714285714285713,
          "precision": 0.5454545454545454,
          "recall": 0.6
        }
      },
      "unsafe_recall": 0.6
    }
  ],
  "profile": "oom-safe",
  "resource_snapshot": {
    "available": true,
    "max_rss_bytes": 366247936,
    "max_rss_mb": 349.28,
    "pid": 5371,
    "platform": "macOS-26.5.1-arm64-arm-64bit",
    "source": "resource.getrusage(RUSAGE_SELF)",
    "timestamp_unix": 1782369914.0008981
  },
  "training_time_sec": 0.7602602079277858,
  "update_size_bytes": 263688
}