{
  "artifact_path": "data/processed/ppe_real_embeddings_exp006.npz",
  "communication_cost_bytes": 15821280,
  "data_source": "embedding",
  "embedding_dim": 512,
  "flower_history": {
    "losses_centralized": [
      [
        0,
        0.7035818696022034
      ],
      [
        1,
        0.6620826721191406
      ],
      [
        2,
        0.6723924875259399
      ],
      [
        3,
        0.7163213491439819
      ],
      [
        4,
        0.7578312754631042
      ],
      [
        5,
        0.7914307117462158
      ],
      [
        6,
        0.8284327387809753
      ],
      [
        7,
        0.8686408996582031
      ],
      [
        8,
        0.9069811701774597
      ],
      [
        9,
        0.9443439245223999
      ],
      [
        10,
        0.9759505391120911
      ]
    ],
    "losses_distributed": [
      [
        1,
        0.6620826522509257
      ],
      [
        2,
        0.6723924875259399
      ],
      [
        3,
        0.7163214087486267
      ],
      [
        4,
        0.7578313151995341
      ],
      [
        5,
        0.7914307117462158
      ],
      [
        6,
        0.8284328182538351
      ],
      [
        7,
        0.8686409592628479
      ],
      [
        8,
        0.9069811701774597
      ],
      [
        9,
        0.9443439046541849
      ],
      [
        10,
        0.9759504596392313
      ]
    ],
    "metrics_centralized": {
      "accuracy": [
        [
          0,
          0.49166667461395264
        ],
        [
          1,
          0.6166666746139526
        ],
        [
          2,
          0.6333333253860474
        ],
        [
          3,
          0.6333333253860474
        ],
        [
          4,
          0.5916666388511658
        ],
        [
          5,
          0.6083333492279053
        ],
        [
          6,
          0.6083333492279053
        ],
        [
          7,
          0.6000000238418579
        ],
        [
          8,
          0.6083333492279053
        ],
        [
          9,
          0.6083333492279053
        ],
        [
          10,
          0.6083333492279053
        ]
      ],
      "false_negative_rate": [
        [
          0,
          0.3833333333333333
        ],
        [
          1,
          0.55
        ],
        [
          2,
          0.4833333333333333
        ],
        [
          3,
          0.5
        ],
        [
          4,
          0.5
        ],
        [
          5,
          0.44999999999999996
        ],
        [
          6,
          0.43333333333333335
        ],
        [
          7,
          0.43333333333333335
        ],
        [
          8,
          0.41666666666666663
        ],
        [
          9,
          0.41666666666666663
        ],
        [
          10,
          0.4
        ]
      ],
      "macro_f1": [
        [
          0,
          0.4835978835978836
        ],
        [
          1,
          0.6057142857142856
        ],
        [
          2,
          0.6282737257110673
        ],
        [
          3,
          0.6266968325791855
        ],
        [
          4,
          0.5882064570348065
        ],
        [
          5,
          0.6069960281513485
        ],
        [
          6,
          0.6076521739130435
        ],
        [
          7,
          0.5995550611790879
        ],
        [
          8,
          0.6080883885761934
        ],
        [
          9,
          0.6080883885761934
        ],
        [
          10,
          0.6083061323703035
        ]
      ],
      "unsafe_recall": [
        [
          0,
          0.6166666666666667
        ],
        [
          1,
          0.45
        ],
        [
          2,
          0.5166666666666667
        ],
        [
          3,
          0.5
        ],
        [
          4,
          0.5
        ],
        [
          5,
          0.55
        ],
        [
          6,
          0.5666666666666667
        ],
        [
          7,
          0.5666666666666667
        ],
        [
          8,
          0.5833333333333334
        ],
        [
          9,
          0.5833333333333334
        ],
        [
          10,
          0.6
        ]
      ]
    },
    "metrics_distributed": {
      "accuracy": [
        [
          1,
          0.6166666746139526
        ],
        [
          2,
          0.6333333452542623
        ],
        [
          3,
          0.6333333452542623
        ],
        [
          4,
          0.5916666587193807
        ],
        [
          5,
          0.6083333293596903
        ],
        [
          6,
          0.6083333094914755
        ],
        [
          7,
          0.5999999841054281
        ],
        [
          8,
          0.6083333293596903
        ],
        [
          9,
          0.6083333293596903
        ],
        [
          10,
          0.6083333293596903
        ]
      ],
      "false_negative_rate": [
        [
          1,
          0.5333333333333333
        ],
        [
          2,
          0.46111111111111114
        ],
        [
          3,
          0.47222222222222227
        ],
        [
          4,
          0.47222222222222227
        ],
        [
          5,
          0.43333333333333335
        ],
        [
          6,
          0.4222222222222223
        ],
        [
          7,
          0.4222222222222223
        ],
        [
          8,
          0.4055555555555556
        ],
        [
          9,
          0.4055555555555556
        ],
        [
          10,
          0.38888888888888895
        ]
      ],
      "macro_f1": [
        [
          1,
          0.581983838580557
        ],
        [
          2,
          0.6054177638797456
        ],
        [
          3,
          0.6056547619047621
        ],
        [
          4,
          0.5663161220766141
        ],
        [
          5,
          0.5827995180336767
        ],
        [
          6,
          0.5827431827431828
        ],
        [
          7,
          0.5757218065534495
        ],
        [
          8,
          0.5850532158848588
        ],
        [
          9,
          0.5850532158848588
        ],
        [
          10,
          0.587104600127856
        ]
      ],
      "unsafe_recall": [
        [
          1,
          0.4666666666666667
        ],
        [
          2,
          0.5388888888888889
        ],
        [
          3,
          0.5277777777777778
        ],
        [
          4,
          0.5277777777777778
        ],
        [
          5,
          0.5666666666666667
        ],
        [
          6,
          0.5777777777777777
        ],
        [
          7,
          0.5777777777777777
        ],
        [
          8,
          0.5944444444444444
        ],
        [
          9,
          0.5944444444444444
        ],
        [
          10,
          0.611111111111111
        ]
      ]
    }
  },
  "global": {
    "accuracy": 0.6083333492279053,
    "confusion_matrix": [
      [
        37,
        23
      ],
      [
        24,
        36
      ]
    ],
    "false_negative_rate": 0.4,
    "loss": 0.9759505391120911,
    "macro_f1": 0.6083061323703035,
    "per_class": {
      "0": {
        "f1": 0.6115702479338844,
        "precision": 0.6065573770491803,
        "recall": 0.6166666666666667
      },
      "1": {
        "f1": 0.6050420168067226,
        "precision": 0.6101694915254238,
        "recall": 0.6
      }
    },
    "unsafe_recall": 0.6
  },
  "label_mapping": {
    "safe": 0,
    "unsafe": 1
  },
  "mode": "federated",
  "num_classes": 2,
  "num_clients": 3,
  "per_client": [
    {
      "accuracy": 0.6000000238418579,
      "client_id": 0,
      "client_label": "site-a",
      "confusion_matrix": [
        [
          17,
          13
        ],
        [
          3,
          7
        ]
      ],
      "false_negative_rate": 0.30000000000000004,
      "label_histogram": {
        "0": 120,
        "1": 40
      },