{
  "artifact_path": "data/processed/ppe_real_embeddings_exp006.npz",
  "communication_cost_bytes": 246240,
  "data_source": "embedding",
  "embedding_dim": 512,
  "flower_history": {
    "losses_centralized": [
      [
        0,
        0.8387634754180908
      ],
      [
        1,
        0.8029080033302307
      ],
      [
        2,
        0.8212453722953796
      ],
      [
        3,
        0.8328642249107361
      ],
      [
        4,
        0.8462955355644226
      ],
      [
        5,
        0.8619382381439209
      ],
      [
        6,
        0.879156231880188
      ],
      [
        7,
        0.8971635699272156
      ],
      [
        8,
        0.915465772151947
      ],
      [
        9,
        0.9338048100471497
      ],
      [
        10,
        0.9520023465156555
      ]
    ],
    "losses_distributed": [
      [
        1,
        0.8029080231984457
      ],
      [
        2,
        0.8212453921635946
      ],
      [
        3,
        0.8328642845153809
      ],
      [
        4,
        0.8462955156962076
      ],
      [
        5,
        0.8619382182757059
      ],
      [
        6,
        0.8791561921437582
      ],
      [
        7,
        0.8971636891365051
      ],
      [
        8,
        0.9154657522837321
      ],
      [
        9,
        0.9338048497835795
      ],
      [
        10,
        0.9520023067792257
      ]
    ],
    "metrics_centralized": {
      "accuracy": [
        [
          0,
          0.49166667461395264
        ],
        [
          1,
          0.5416666865348816
        ],
        [
          2,
          0.574999988079071
        ],
        [
          3,
          0.5833333134651184
        ],
        [
          4,
          0.6166666746139526
        ],
        [
          5,
          0.6083333492279053
        ],
        [
          6,
          0.5916666388511658
        ],
        [
          7,
          0.6000000238418579
        ],
        [
          8,
          0.6000000238418579
        ],
        [
          9,
          0.6083333492279053
        ],
        [
          10,
          0.6083333492279053
        ]
      ],
      "false_negative_rate": [
        [
          0,
          0.8666666666666667
        ],
        [
          1,
          0.7
        ],
        [
          2,
          0.5666666666666667
        ],
        [
          3,
          0.5333333333333333
        ],
        [
          4,
          0.4666666666666667
        ],
        [
          5,
          0.44999999999999996
        ],
        [
          6,
          0.44999999999999996
        ],
        [
          7,
          0.43333333333333335
        ],
        [
          8,
          0.43333333333333335
        ],
        [
          9,
          0.41666666666666663
        ],
        [
          10,
          0.41666666666666663
        ]
      ],
      "macro_f1": [
        [
          0,
          0.416779539478926
        ],
        [
          1,
          0.513238439412936
        ],
        [
          2,
          0.5662957976047056
        ],
        [
          3,
          0.5775837792171219
        ],
        [
          4,
          0.613986013986014
        ],
        [
          5,
          0.6069960281513485
        ],
        [
          6,
          0.5909565217391304
        ],
        [
          7,
          0.5995550611790879
        ],
        [
          8,
          0.5995550611790879
        ],
        [
          9,
          0.6080883885761934
        ],
        [
          10,
          0.6080883885761934
        ]
      ],
      "unsafe_recall": [
        [
          0,
          0.13333333333333333
        ],
        [
          1,
          0.3
        ],
        [
          2,
          0.43333333333333335
        ],
        [
          3,
          0.4666666666666667
        ],
        [
          4,
          0.5333333333333333
        ],
        [
          5,
          0.55
        ],
        [
          6,
          0.55
        ],
        [
          7,
          0.5666666666666667
        ],
        [
          8,
          0.5666666666666667
        ],
        [
          9,
          0.5833333333333334
        ],
        [
          10,
          0.5833333333333334
        ]
      ]
    },
    "metrics_distributed": {
      "accuracy": [
        [
          1,
          0.5416666766007742
        ],
        [
          2,
          0.574999988079071
        ],
        [
          3,
          0.5833333333333334
        ],
        [
          4,
          0.6166666746139526
        ],
        [
          5,
          0.6083333293596903
        ],
        [
          6,
          0.5916666587193807
        ],
        [
          7,
          0.5999999841054281
        ],
        [
          8,
          0.600000003973643
        ],
        [
          9,
          0.6083333293596903
        ],
        [
          10,
          0.6083333293596903
        ]
      ],
      "false_negative_rate": [
        [
          1,
          0.6666666666666666
        ],
        [
          2,
          0.5388888888888889
        ],
        [
          3,
          0.4944444444444444
        ],
        [
          4,
          0.45
        ],
        [
          5,
          0.43333333333333335
        ],
        [
          6,
          0.43333333333333335
        ],
        [
          7,
          0.4222222222222223
        ],
        [
          8,
          0.4166666666666667
        ],
        [
          9,
          0.4
        ],
        [
          10,
          0.4
        ]
      ],
      "macro_f1": [
        [
          1,
          0.49797353008771383
        ],
        [
          2,
          0.5471139146657457
        ],
        [
          3,
          0.5594948670466982
        ],
        [
          4,
          0.5876038451362554
        ],
        [
          5,
          0.5786731786731786
        ],
        [
          6,
          0.5644281644281645
        ],
        [
          7,
          0.5711859070349637
        ],
        [
          8,
          0.5737595737595738
        ],
        [
          9,
          0.5828066758299317
        ],
        [
          10,
          0.5828066758299317
        ]
      ],
      "unsafe_recall": [
        [
          1,
          0.3333333333333333
        ],
        [
          2,
          0.46111111111111114
        ],
        [
          3,
          0.5055555555555556
        ],
        [
          4,
          0.55
        ],
        [
          5,
          0.5666666666666667
        ],
        [
          6,
          0.5666666666666667
        ],
        [
          7,
          0.5777777777777777
        ],
        [
          8,
          0.5833333333333334
        ],
        [
          9,
          0.6
        ],
        [
          10,
          0.6
        ]
      ]
    }
  },
  "global": {
    "accuracy": 0.6083333492279053,
    "confusion_matrix": [
      [
        38,
        22
      ],
      [
        25,
        35
      ]
    ],
    "false_negative_rate": 0.41666666666666663,
    "loss": 0.9520023465156555,
    "macro_f1": 0.6080883885761934,
    "per_class": {
      "0": {
        "f1": 0.6178861788617885,
        "precision": 0.6031746031746031,
        "recall": 0.6333333333333333
      },
      "1": {
        "f1": 0.5982905982905983,
        "precision": 0.6140350877192983,
        "recall": 0.5833333333333334
      }
    },
    "unsafe_recall": 0.5833333333333334
  },
  "label_mapping": {
    "safe": 0,
    "unsafe": 1
  },
  "mode": "federated",
  "num_classes": 2,
  "num_clients": 3,
  "per_client": [
    {
      "accuracy": 0.6499999761581421,
      "client_id": 0,
      "client_label": "site-a",
      "confusion_matrix": [
        [
          19,
          11
        ],
        [
          3,
          7
        ]
      ],
      "false_negative_rate": 0.30000000000000004,
      "label_histogram": {
        "0": 120,
        "1": 40
      },