{
  "communication_cost_bytes": 648,
  "flower_history": {
    "losses_centralized": [
      [
        0,
        1.1969196796417236
      ],
      [
        1,
        1.066452145576477
      ]
    ],
    "losses_distributed": [
      [
        1,
        1.0664521085804906
      ]
    ],
    "metrics_centralized": {
      "accuracy": [
        [
          0,
          0.3448275923728943
        ],
        [
          1,
          0.3448275923728943
        ]
      ]
    },
    "metrics_distributed": {
      "accuracy": [
        [
          1,
          0.3448275862068966
        ]
      ]
    }
  },
  "global": {
    "accuracy": 0.3448275923728943,
    "loss": 1.066452145576477
  },
  "mode": "federated",
  "num_clients": 3,
  "partition": "non_iid",
  "per_client": [
    {
      "accuracy": 0.0,
      "client_id": 0,
      "label_histogram": {
        "0": 0,
        "1": 0,
        "2": 33
      },
      "loss": 1.3323427438735962,
      "num_examples": 8
    },
    {
      "accuracy": 0.0,
      "client_id": 1,
      "label_histogram": {
        "0": 0,
        "1": 39,
        "2": 6
      },
      "loss": 1.202924132347107,
      "num_examples": 11
    },
    {
      "accuracy": 1.0,
      "client_id": 2,
      "label_histogram": {
        "0": 40,
        "1": 1,
        "2": 1
      },
      "loss": 0.7036203742027283,
      "num_examples": 10
    }
  ],
  "profile": "oom-safe",
  "resource_snapshot": {
    "available": true,
    "max_rss_bytes": 386203648,
    "max_rss_mb": 368.31,
    "pid": 55123,
    "platform": "macOS-26.5.1-arm64-arm-64bit",
    "source": "resource.getrusage(RUSAGE_SELF)",
    "timestamp_unix": 1781771622.657931
  },
  "rounds": 1,
  "training_time_sec": 3.8334298750269227,
  "update_size_bytes": 108
}