{
  "artifact_path": "data/processed/ppe_real_embeddings_exp006.npz",
  "communication_cost_bytes": 246240,
  "data_source": "embedding",
  "embedding_dim": 512,
  "flower_history": {
    "losses_centralized": [
      [
        0,
        0.6944605708122253
      ],
      [
        1,
        0.6933286786079407
      ],
      [
        2,
        0.6922816634178162
      ],
      [
        3,
        0.6912698149681091
      ],
      [
        4,
        0.6902884840965271
      ],
      [
        5,
        0.6893367767333984
      ],
      [
        6,
        0.6884138584136963
      ],
      [
        7,
        0.6875187754631042
      ],
      [
        8,
        0.6866503953933716
      ],
      [
        9,
        0.6858079433441162
      ],
      [
        10,
        0.6849901080131531
      ]
    ],
    "losses_distributed": [
      [
        1,
        0.6933285792668661
      ],
      [
        2,
        0.6922816832860311
      ],
      [
        3,
        0.6912698348363241
      ],
      [
        4,
        0.6902884840965271
      ],
      [
        5,
        0.6893368363380432
      ],
      [
        6,
        0.688413937886556
      ],
      [
        7,
        0.6875187555948893
      ],
      [
        8,
        0.6866503953933716
      ],
      [
        9,
        0.6858079036076864
      ],
      [
        10,
        0.6849902272224426
      ]
    ],
    "metrics_centralized": {
      "accuracy": [
        [
          0,
          0.4749999940395355
        ],
        [
          1,
          0.4833333194255829
        ],
        [
          2,
          0.49166667461395264
        ],
        [
          3,
          0.550000011920929
        ],
        [
          4,
          0.574999988079071
        ],
        [
          5,
          0.5833333134651184
        ],
        [
          6,
          0.5833333134651184
        ],
        [
          7,
          0.5916666388511658
        ],
        [
          8,
          0.5916666388511658
        ],
        [
          9,
          0.5916666388511658
        ],
        [
          10,
          0.6000000238418579
        ]
      ],
      "false_negative_rate": [
        [
          0,
          0.7833333333333333
        ],
        [
          1,
          0.5333333333333333
        ],
        [
          2,
          0.3833333333333333
        ],
        [
          3,
          0.31666666666666665
        ],
        [
          4,
          0.30000000000000004
        ],
        [
          5,
          0.2833333333333333
        ],
        [
          6,
          0.30000000000000004
        ],
        [
          7,
          0.30000000000000004
        ],
        [
          8,
          0.30000000000000004
        ],
        [
          9,
          0.30000000000000004
        ],
        [
          10,
          0.2833333333333333
        ]
      ],
      "macro_f1": [
        [
          0,
          0.4374581442071583
        ],
        [
          1,
          0.48318977493748266
        ],
        [
          2,
          0.4835978835978836
        ],
        [
          3,
          0.5418552036199096
        ],
        [
          4,
          0.5682539682539682
        ],
        [
          5,
          0.5757918552036199
        ],
        [
          6,
          0.5775837792171219
        ],
        [
          7,
          0.5868175110673881
        ],
        [
          8,
          0.5868175110673881
        ],
        [
          9,
          0.5868175110673881
        ],
        [
          10,
          0.594480428048437
        ]
      ],
      "unsafe_recall": [
        [
          0,
          0.21666666666666667
        ],
        [
          1,
          0.4666666666666667
        ],
        [
          2,
          0.6166666666666667
        ],
        [
          3,
          0.6833333333333333
        ],
        [
          4,
          0.7
        ],
        [
          5,
          0.7166666666666667
        ],
        [
          6,
          0.7
        ],
        [
          7,
          0.7
        ],
        [
          8,
          0.7
        ],
        [
          9,
          0.7
        ],
        [
          10,
          0.7166666666666667
        ]
      ]
    },
    "metrics_distributed": {
      "accuracy": [
        [
          1,
          0.4833333194255829
        ],
        [
          2,
          0.49166667461395264
        ],
        [
          3,
          0.549999992052714
        ],
        [
          4,
          0.5749999980131785
        ],
        [
          5,
          0.5833333233992258
        ],
        [
          6,
          0.5833333432674408
        ],
        [
          7,
          0.5916666785875956
        ],
        [
          8,
          0.5916666785875956
        ],
        [
          9,
          0.5916666785875956
        ],
        [
          10,
          0.600000003973643
        ]
      ],
      "false_negative_rate": [
        [
          1,
          0.55
        ],
        [
          2,
          0.38888888888888895
        ],
        [
          3,
          0.3388888888888889
        ],
        [
          4,
          0.3277777777777777
        ],
        [
          5,
          0.3111111111111111
        ],
        [
          6,
          0.32222222222222224
        ],
        [
          7,
          0.32222222222222224
        ],
        [
          8,
          0.32222222222222224
        ],
        [
          9,
          0.32222222222222224
        ],
        [
          10,
          0.31111111111111106
        ]
      ],
      "macro_f1": [
        [
          1,
          0.44998869594369384
        ],
        [
          2,
          0.45836940836940826
        ],
        [
          3,
          0.5165324647281343
        ],
        [
          4,
          0.5475097745913557
        ],
        [
          5,
          0.555628884122532
        ],
        [
          6,
          0.5573641195118005
        ],
        [
          7,
          0.5646753268230078
        ],
        [
          8,
          0.5646753268230077
        ],
        [
          9,
          0.5646753268230077
        ],
        [
          10,
          0.5714980717503846
        ]
      ],
      "unsafe_recall": [
        [
          1,
          0.45
        ],
        [
          2,
          0.611111111111111
        ],
        [
          3,
          0.6611111111111111
        ],
        [
          4,
          0.6722222222222223
        ],
        [
          5,
          0.6888888888888889
        ],
        [
          6,
          0.6777777777777777
        ],
        [
          7,
          0.6777777777777777
        ],
        [
          8,
          0.6777777777777777
        ],
        [
          9,
          0.6777777777777777
        ],
        [
          10,
          0.6888888888888889
        ]
      ]
    }
  },
  "global": {
    "accuracy": 0.6000000238418579,
    "confusion_matrix": [
      [
        29,
        31
      ],
      [
        17,
        43
      ]
    ],
    "false_negative_rate": 0.2833333333333333,
    "loss": 0.6849901080131531,
    "macro_f1": 0.594480428048437,
    "per_class": {
      "0": {
        "f1": 0.5471698113207547,
        "precision": 0.6304347826086957,
        "recall": 0.48333333333333334
      },
      "1": {
        "f1": 0.6417910447761194,
        "precision": 0.581081081081081,
        "recall": 0.7166666666666667
      }
    },
    "unsafe_recall": 0.7166666666666667
  },
  "label_mapping": {
    "safe": 0,
    "unsafe": 1
  },
  "mode": "federated",
  "num_classes": 2,
  "num_clients": 3,
  "per_client": [
    {
      "accuracy": 0.42500001192092896,
      "client_id": 0,
      "client_label": "site-a",
      "confusion_matrix": [
        [
          11,
          19
        ],
        [
          4,
          6
        ]
      ],
      "false_negative_rate": 0.4,