{
  "artifact_path": "data/processed/ppe_real_embeddings_exp006.npz",
  "communication_cost_bytes": 0,
  "data_source": "embedding",
  "embedding_dim": 512,
  "global": {
    "accuracy": 0.674999992052714,
    "confusion_matrix": [
      [
        38,
        22
      ],
      [
        17,
        43
      ]
    ],
    "false_negative_rate": 0.45,
    "loss": 0.6159020662307739,
    "macro_f1": 0.6744347826086956,
    "per_class": {
      "0": {
        "f1": 0.6608695652173913,
        "precision": 0.6909090909090909,
        "recall": 0.6333333333333333
      },
      "1": {
        "f1": 0.688,
        "precision": 0.6615384615384615,
        "recall": 0.7166666666666667
      }
    },
    "unsafe_recall": 0.55
  },
  "label_mapping": {
    "safe": 0,
    "unsafe": 1
  },
  "mode": "local-only",
  "num_classes": 2,
  "num_clients": 3,
  "per_client": [
    {
      "accuracy": 0.75,
      "client_id": 0,
      "client_label": "site-a",
      "confusion_matrix": [
        [
          30,
          0
        ],
        [
          10,
          0
        ]
      ],
      "false_negative_rate": 1.0,
      "label_histogram": {
        "0": 120,
        "1": 40
      },
      "loss": 0.5769084692001343,
      "macro_f1": 0.42857142857142855,
      "num_examples": 40,
      "per_class": {
        "0": {
          "f1": 0.8571428571428571,
          "precision": 0.75,
          "recall": 1.0
        },
        "1": {
          "f1": 0.0,
          "precision": 0.0,
          "recall": 0.0
        }
      },
      "unsafe_recall": 0.0
    },
    {
      "accuracy": 0.75,
      "client_id": 1,
      "client_label": "site-b",
      "confusion_matrix": [
        [
          0,
          10
        ],
        [
          0,
          30
        ]
      ],
      "false_negative_rate": 0.0,
      "label_histogram": {
        "0": 40,
        "1": 120
      },
      "loss": 0.5789772272109985,
      "macro_f1": 0.42857142857142855,
      "num_examples": 40,
      "per_class": {
        "0": {
          "f1": 0.0,
          "precision": 0.0,
          "recall": 0.0
        },
        "1": {
          "f1": 0.8571428571428571,
          "precision": 0.75,
          "recall": 1.0
        }
      },
      "unsafe_recall": 1.0
    },
    {
      "accuracy": 0.5249999761581421,
      "client_id": 2,
      "client_label": "site-c",
      "confusion_matrix": [
        [
          8,
          12
        ],
        [
          7,
          13
        ]
      ],
      "false_negative_rate": 0.35,
      "label_histogram": {
        "0": 80,
        "1": 80
      },
      "loss": 0.691820502281189,
      "macro_f1": 0.5174603174603175,
      "num_examples": 40,
      "per_class": {
        "0": {
          "f1": 0.4571428571428572,
          "precision": 0.5333333333333333,
          "recall": 0.4
        },
        "1": {
          "f1": 0.5777777777777778,
          "precision": 0.52,
          "recall": 0.65
        }
      },
      "unsafe_recall": 0.65
    }
  ],
  "profile": "oom-safe",
  "resource_snapshot": {
    "available": true,
    "max_rss_bytes": 366755840,
    "max_rss_mb": 349.77,
    "pid": 4704,
    "platform": "macOS-26.5.1-arm64-arm-64bit",
    "source": "resource.getrusage(RUSAGE_SELF)",
    "timestamp_unix": 1782369858.281766
  },
  "training_time_sec": 0.0666508749127388,
  "update_size_bytes": 4104
}