{
  "artifact_path": "data/processed/ppe_real_embeddings_exp006.npz",
  "communication_cost_bytes": 246240,
  "data_source": "embedding",
  "embedding_dim": 512,
  "flower_history": {
    "losses_centralized": [
      [
        0,
        0.8387634754180908
      ],
      [
        1,
        0.8019266128540039
      ],
      [
        2,
        0.8187134265899658
      ],
      [
        3,
        0.8284342288970947
      ],
      [
        4,
        0.8394719958305359
      ],
      [
        5,
        0.8523790240287781
      ],
      [
        6,
        0.8665485382080078
      ],
      [
        7,
        0.8812341094017029
      ],
      [
        8,
        0.8959271907806396
      ],
      [
        9,
        0.9103672504425049
      ],
      [
        10,
        0.9244025945663452
      ]
    ],
    "losses_distributed": [
      [
        1,
        0.8019266525904337
      ],
      [
        2,
        0.8187134067217509
      ],
      [
        3,
        0.82843416929245
      ],
      [
        4,
        0.8394719958305359
      ],
      [
        5,
        0.852379043896993
      ],
      [
        6,
        0.8665485978126526
      ],
      [
        7,
        0.8812341690063477
      ],
      [
        8,
        0.8959271709124247
      ],
      [
        9,
        0.9103673299153646
      ],
      [
        10,
        0.924402634302775
      ]
    ],
    "metrics_centralized": {
      "accuracy": [
        [
          0,
          0.49166667461395264
        ],
        [
          1,
          0.5416666865348816
        ],
        [
          2,
          0.574999988079071
        ],
        [
          3,
          0.5833333134651184
        ],
        [
          4,
          0.6083333492279053
        ],
        [
          5,
          0.6166666746139526
        ],
        [
          6,
          0.6000000238418579
        ],
        [
          7,
          0.6000000238418579
        ],
        [
          8,
          0.6083333492279053
        ],
        [
          9,
          0.6000000238418579
        ],
        [
          10,
          0.6000000238418579
        ]
      ],
      "false_negative_rate": [
        [
          0,
          0.8666666666666667
        ],
        [
          1,
          0.7
        ],
        [
          2,
          0.5666666666666667
        ],
        [
          3,
          0.5333333333333333
        ],
        [
          4,
          0.4833333333333333
        ],
        [
          5,
          0.44999999999999996
        ],
        [
          6,
          0.44999999999999996
        ],
        [
          7,
          0.43333333333333335
        ],
        [
          8,
          0.43333333333333335
        ],
        [
          9,
          0.43333333333333335
        ],
        [
          10,
          0.43333333333333335
        ]
      ],
      "macro_f1": [
        [
          0,
          0.416779539478926
        ],
        [
          1,
          0.513238439412936
        ],
        [
          2,
          0.5662957976047056
        ],
        [
          3,
          0.5775837792171219
        ],
        [
          4,
          0.6050143567476715
        ],
        [
          5,
          0.6149553571428572
        ],
        [
          6,
          0.5989974937343359
        ],
        [
          7,
          0.5995550611790879
        ],
        [
          8,
          0.6076521739130435
        ],
        [
          9,
          0.5995550611790879
        ],
        [
          10,
          0.5995550611790879
        ]
      ],
      "unsafe_recall": [
        [
          0,
          0.13333333333333333
        ],
        [
          1,
          0.3
        ],
        [
          2,
          0.43333333333333335
        ],
        [
          3,
          0.4666666666666667
        ],
        [
          4,
          0.5166666666666667
        ],
        [
          5,
          0.55
        ],
        [
          6,
          0.55
        ],
        [
          7,
          0.5666666666666667
        ],
        [
          8,
          0.5666666666666667
        ],
        [
          9,
          0.5666666666666667
        ],
        [
          10,
          0.5666666666666667
        ]
      ]
    },
    "metrics_distributed": {
      "accuracy": [
        [
          1,
          0.5416666766007742
        ],
        [
          2,
          0.574999988079071
        ],
        [
          3,
          0.5833333333333334
        ],
        [
          4,
          0.6083333492279053
        ],
        [
          5,
          0.6166666547457377
        ],
        [
          6,
          0.600000003973643
        ],
        [
          7,
          0.5999999841054281
        ],
        [
          8,
          0.6083333293596903
        ],
        [
          9,
          0.600000003973643
        ],
        [
          10,
          0.600000003973643
        ]
      ],
      "false_negative_rate": [
        [
          1,
          0.6666666666666666
        ],
        [
          2,
          0.5388888888888889
        ],
        [
          3,
          0.4944444444444444
        ],
        [
          4,
          0.46111111111111114
        ],
        [
          5,
          0.43333333333333335
        ],
        [
          6,
          0.43333333333333335
        ],
        [
          7,
          0.4222222222222223
        ],
        [
          8,
          0.4166666666666667
        ],
        [
          9,
          0.4166666666666667
        ],
        [
          10,
          0.4166666666666667
        ]
      ],
      "macro_f1": [
        [
          1,
          0.49797353008771383
        ],
        [
          2,
          0.5471139146657457
        ],
        [
          3,
          0.5594948670466982
        ],
        [
          4,
          0.5806081273088946
        ],
        [
          5,
          0.5899668207984637
        ],
        [
          6,
          0.5715058759083916
        ],
        [
          7,
          0.5711859070349636
        ],
        [
          8,
          0.5850532158848588
        ],
        [
          9,
          0.5737595737595738
        ],
        [
          10,
          0.5737595737595738
        ]
      ],
      "unsafe_recall": [
        [
          1,
          0.3333333333333333
        ],
        [
          2,
          0.46111111111111114
        ],
        [
          3,
          0.5055555555555556
        ],
        [
          4,
          0.5388888888888889
        ],
        [
          5,
          0.5666666666666667
        ],
        [
          6,
          0.5666666666666667
        ],
        [
          7,
          0.5777777777777777
        ],
        [
          8,
          0.5833333333333334
        ],
        [
          9,
          0.5833333333333334
        ],
        [
          10,
          0.5833333333333334
        ]
      ]
    }
  },
  "global": {
    "accuracy": 0.6000000238418579,
    "confusion_matrix": [
      [
        38,
        22
      ],
      [
        26,
        34
      ]
    ],
    "false_negative_rate": 0.43333333333333335,
    "loss": 0.9244025945663452,
    "macro_f1": 0.5995550611790879,
    "per_class": {
      "0": {
        "f1": 0.6129032258064516,
        "precision": 0.59375,
        "recall": 0.6333333333333333
      },
      "1": {
        "f1": 0.5862068965517241,
        "precision": 0.6071428571428571,
        "recall": 0.5666666666666667
      }
    },
    "unsafe_recall": 0.5666666666666667
  },
  "label_mapping": {
    "safe": 0,
    "unsafe": 1
  },
  "mode": "federated",
  "num_classes": 2,
  "num_clients": 3,
  "per_client": [
    {
      "accuracy": 0.6499999761581421,
      "client_id": 0,
      "client_label": "site-a",
      "confusion_matrix": [
        [
          19,
          11
        ],
        [
          3,
          7
        ]
      ],