{
  "artifact_path": "data/processed/ppe_real_embeddings_exp006.npz",
  "communication_cost_bytes": 246240,
  "data_source": "embedding",
  "embedding_dim": 512,
  "flower_history": {
    "losses_centralized": [
      [
        0,
        0.8387634754180908
      ],
      [
        1,
        0.7936328053474426
      ],
      [
        2,
        0.797981858253479
      ],
      [
        3,
        0.7961984276771545
      ],
      [
        4,
        0.7937911152839661
      ],
      [
        5,
        0.7926623225212097
      ],
      [
        6,
        0.7924525141716003
      ],
      [
        7,
        0.7927121520042419
      ],
      [
        8,
        0.7931545972824097
      ],
      [
        9,
        0.7936252951622009
      ],
      [
        10,
        0.7940525412559509
      ]
    ],
    "losses_distributed": [
      [
        1,
        0.7936328848203024
      ],
      [
        2,
        0.797981838385264
      ],
      [
        3,
        0.7961983680725098
      ],
      [
        4,
        0.7937911748886108
      ],
      [
        5,
        0.7926622629165649
      ],
      [
        6,
        0.7924524943033854
      ],
      [
        7,
        0.7927121520042419
      ],
      [
        8,
        0.7931546171506246
      ],
      [
        9,
        0.7936252951622009
      ],
      [
        10,
        0.7940526604652405
      ]
    ],
    "metrics_centralized": {
      "accuracy": [
        [
          0,
          0.49166667461395264
        ],
        [
          1,
          0.5416666865348816
        ],
        [
          2,
          0.5666666626930237
        ],
        [
          3,
          0.5666666626930237
        ],
        [
          4,
          0.5833333134651184
        ],
        [
          5,
          0.6000000238418579
        ],
        [
          6,
          0.6166666746139526
        ],
        [
          7,
          0.6166666746139526
        ],
        [
          8,
          0.6166666746139526
        ],
        [
          9,
          0.6166666746139526
        ],
        [
          10,
          0.6166666746139526
        ]
      ],
      "false_negative_rate": [
        [
          0,
          0.8666666666666667
        ],
        [
          1,
          0.7
        ],
        [
          2,
          0.6
        ],
        [
          3,
          0.5833333333333333
        ],
        [
          4,
          0.55
        ],
        [
          5,
          0.5166666666666666
        ],
        [
          6,
          0.5
        ],
        [
          7,
          0.5
        ],
        [
          8,
          0.5
        ],
        [
          9,
          0.5
        ],
        [
          10,
          0.5
        ]
      ],
      "macro_f1": [
        [
          0,
          0.416779539478926
        ],
        [
          1,
          0.513238439412936
        ],
        [
          2,
          0.5542857142857143
        ],
        [
          3,
          0.5566922421142371
        ],
        [
          4,
          0.5757918552036199
        ],
        [
          5,
          0.594480428048437
        ],
        [
          6,
          0.6113770768797522
        ],
        [
          7,
          0.6113770768797522
        ],
        [
          8,
          0.6113770768797522
        ],
        [
          9,
          0.6113770768797522
        ],
        [
          10,
          0.6113770768797522
        ]
      ],
      "unsafe_recall": [
        [
          0,
          0.13333333333333333
        ],
        [
          1,
          0.3
        ],
        [
          2,
          0.4
        ],
        [
          3,
          0.4166666666666667
        ],
        [
          4,
          0.45
        ],
        [
          5,
          0.48333333333333334
        ],
        [
          6,
          0.5
        ],
        [
          7,
          0.5
        ],
        [
          8,
          0.5
        ],
        [
          9,
          0.5
        ],
        [
          10,
          0.5
        ]
      ]
    },
    "metrics_distributed": {
      "accuracy": [
        [
          1,
          0.5416666766007742
        ],
        [
          2,
          0.5666666726271311
        ],
        [
          3,
          0.5666666726271311
        ],
        [
          4,
          0.5833333333333334
        ],
        [
          5,
          0.600000003973643
        ],
        [
          6,
          0.6166666746139526
        ],
        [
          7,
          0.6166666746139526
        ],
        [
          8,
          0.6166666746139526
        ],
        [
          9,
          0.6166666746139526
        ],
        [
          10,
          0.6166666746139526
        ]
      ],
      "false_negative_rate": [
        [
          1,
          0.6666666666666666
        ],
        [
          2,
          0.5722222222222222
        ],
        [
          3,
          0.5555555555555555
        ],
        [
          4,
          0.5111111111111112
        ],
        [
          5,
          0.48888888888888893
        ],
        [
          6,
          0.4777777777777778
        ],
        [
          7,
          0.4777777777777778
        ],
        [
          8,
          0.4777777777777778
        ],
        [
          9,
          0.4777777777777778
        ],
        [
          10,
          0.4777777777777778
        ]
      ],
      "macro_f1": [
        [
          1,
          0.49797353008771383
        ],
        [
          2,
          0.5332913313451657
        ],
        [
          3,
          0.5370944374131997
        ],
        [
          4,
          0.5563867397378035
        ],
        [
          5,
          0.570501243508156
        ],
        [
          6,
          0.5880566527686343
        ],
        [
          7,
          0.5880566527686343
        ],
        [
          8,
          0.5880566527686343
        ],
        [
          9,
          0.5880566527686343
        ],
        [
          10,
          0.5880566527686343
        ]
      ],
      "unsafe_recall": [
        [
          1,
          0.3333333333333333
        ],
        [
          2,
          0.4277777777777778
        ],
        [
          3,
          0.4444444444444445
        ],
        [
          4,
          0.48888888888888893
        ],
        [
          5,
          0.5111111111111111
        ],
        [
          6,
          0.5222222222222223
        ],
        [
          7,
          0.5222222222222223
        ],
        [
          8,
          0.5222222222222223
        ],
        [
          9,
          0.5222222222222223
        ],
        [
          10,
          0.5222222222222223
        ]
      ]
    }
  },
  "global": {
    "accuracy": 0.6166666746139526,
    "confusion_matrix": [
      [
        44,
        16
      ],
      [
        30,
        30
      ]
    ],
    "false_negative_rate": 0.5,
    "loss": 0.7940525412559509,
    "macro_f1": 0.6113770768797522,
    "per_class": {
      "0": {
        "f1": 0.6567164179104478,
        "precision": 0.5945945945945946,
        "recall": 0.7333333333333333
      },
      "1": {
        "f1": 0.5660377358490566,
        "precision": 0.6521739130434783,
        "recall": 0.5
      }
    },
    "unsafe_recall": 0.5
  },
  "label_mapping": {
    "safe": 0,
    "unsafe": 1
  },
  "mode": "federated",
  "num_classes": 2,
  "num_clients": 3,
  "per_client": [
    {
      "accuracy": 0.7250000238418579,
      "client_id": 0,
      "client_label": "site-a",
      "confusion_matrix": [
        [
          22,
          8
        ],
        [
          3,
          7
        ]
      ],
      "false_negative_rate": 0.30000000000000004,
      "label_histogram": {
        "0": 120,
        "1": 40
      },
      "loss": 0.6654704213142395,
      "macro_f1": 0.68,
      "num_examples": 40,
      "per_class": {
        "0": {
          "f1": 0.8,