{
  "artifact_path": "data/processed/ppe_real_embeddings_exp006.npz",
  "communication_cost_bytes": 0,
  "data_source": "embedding",
  "embedding_dim": 512,
  "global": {
    "accuracy": 0.6083333293596903,
    "confusion_matrix": [
      [
        47,
        13
      ],
      [
        34,
        26
      ]
    ],
    "false_negative_rate": 0.6222222222222222,
    "loss": 0.8081979354222616,
    "macro_f1": 0.595959595959596,
    "per_class": {
      "0": {
        "f1": 0.6666666666666667,
        "precision": 0.5802469135802469,
        "recall": 0.7833333333333333
      },
      "1": {
        "f1": 0.5252525252525252,
        "precision": 0.6666666666666666,
        "recall": 0.43333333333333335
      }
    },
    "unsafe_recall": 0.3777777777777777
  },
  "label_mapping": {
    "safe": 0,
    "unsafe": 1
  },
  "mode": "local-only",
  "num_classes": 2,
  "num_clients": 3,
  "per_client": [
    {
      "accuracy": 0.7749999761581421,
      "client_id": 0,
      "client_label": "site-a",
      "confusion_matrix": [
        [
          29,
          1
        ],
        [
          8,
          2
        ]
      ],
      "false_negative_rate": 0.8,
      "label_histogram": {
        "0": 120,
        "1": 40
      },
      "loss": 0.5312283635139465,
      "macro_f1": 0.5866819747416762,
      "num_examples": 40,
      "per_class": {
        "0": {
          "f1": 0.8656716417910447,
          "precision": 0.7837837837837838,
          "recall": 0.9666666666666667
        },
        "1": {
          "f1": 0.30769230769230765,
          "precision": 0.6666666666666666,
          "recall": 0.2
        }
      },
      "unsafe_recall": 0.2
    },
    {
      "accuracy": 0.550000011920929,
      "client_id": 1,
      "client_label": "site-b",
      "confusion_matrix": [
        [
          6,
          4
        ],
        [
          14,
          16
        ]
      ],
      "false_negative_rate": 0.4666666666666667,
      "label_histogram": {
        "0": 40,
        "1": 120
      },
      "loss": 0.9689332842826843,
      "macro_f1": 0.52,
      "num_examples": 40,
      "per_class": {
        "0": {
          "f1": 0.4,
          "precision": 0.3,
          "recall": 0.6
        },
        "1": {
          "f1": 0.64,
          "precision": 0.8,
          "recall": 0.5333333333333333
        }
      },
      "unsafe_recall": 0.5333333333333333
    },
    {
      "accuracy": 0.5,
      "client_id": 2,
      "client_label": "site-c",
      "confusion_matrix": [
        [
          12,
          8
        ],
        [
          12,
          8
        ]
      ],
      "false_negative_rate": 0.6,
      "label_histogram": {
        "0": 80,
        "1": 80
      },
      "loss": 0.9244321584701538,
      "macro_f1": 0.4949494949494949,
      "num_examples": 40,
      "per_class": {
        "0": {
          "f1": 0.5454545454545454,
          "precision": 0.5,
          "recall": 0.6
        },
        "1": {
          "f1": 0.4444444444444445,
          "precision": 0.5,
          "recall": 0.4
        }
      },
      "unsafe_recall": 0.4
    }
  ],
  "profile": "oom-safe",
  "resource_snapshot": {
    "available": true,
    "max_rss_bytes": 364707840,
    "max_rss_mb": 347.81,
    "pid": 17566,
    "platform": "macOS-26.5.1-arm64-arm-64bit",
    "source": "resource.getrusage(RUSAGE_SELF)",
    "timestamp_unix": 1782356610.537677
  },
  "training_time_sec": 0.06390537496190518,
  "update_size_bytes": 4104
}